count,status
0,sent
0,sent
0,sent
0,sent
0,sent
0,sent
0,sent
0,sent
0,sent
0,sent
0,sent
0,sent
0,sent
0,sent
0,sent
0,sent
0,sent
0,sent
0,sent
0,sent
0,sent
0,sent
0,sent
0,sent
0,sent
0,sent
0,sent
0,sent
0,sent
0,sent
0,sent
0,sent
0,sent
0,sent
0,sent
0,sent
0,sent
0,sent
0,sent
0,sent
0,sent
0,sent
0,sent
0,sent
0,sent
0,sent
0,sent
0,sent
0,sent
0,sent
0,sent
0,sent
0,sent
0,sent
0,sent
0,sent
0,sent
0,sent
0,sent
0,sent
0,sent
0,sent
0,sent
0,sent
0,sent
0,sent
0,sent
0,sent
0,sent
0,sent
0,sent
0,sent
0,sent
0,sent
0,sent
0,sent
0,sent
0,sent
0,sent
0,sent
0,sent
0,sent
0,sent
0,sent
0,sent
0,sent
0,sent
0,sent
0,sent
0,sent
0,sent
0,sent
0,sent
0,sent
0,sent
0,sent
0,sent
0,sent
0,sent
0,sent
0,sent
0,sent
0,sent
0,sent
0,sent
0,sent
0,sent
0,sent
0,sent
0,sent
0,sent
0,sent
0,sent
0,sent
0,sent
0,sent
0,sent
0,sent
0,sent
0,sent
0,sent
0,sent
0,sent
0,sent
0,sent
0,sent
0,sent
0,sent
0,sent
0,sent
0,sent
0,sent
0,sent
0,sent
0,sent
0,sent
0,sent
0,sent
0,sent
0,sent
0,sent
0,sent
0,sent
0,sent
0,sent
0,sent
0,sent
0,sent
0,sent
0,sent
0,sent
0,sent
0,sent
0,sent
0,sent
0,sent
0,sent
0,sent
0,sent
0,sent
0,sent
0,sent
0,sent
0,sent
0,sent
0,sent
0,sent
0,sent
0,sent
0,sent
0,sent
0,sent
0,sent
0,sent
0,sent
0,sent
0,sent
0,sent
0,sent
0,sent
0,sent
0,sent
0,sent
0,sent
0,sent
0,sent
0,sent
0,sent
0,sent
0,sent
0,sent
0,sent
0,sent
0,sent
0,sent
0,sent
0,sent
0,sent
0,sent
0,sent
0,sent
0,sent
0,sent
0,sent
0,sent
0,sent
0,sent
0,sent
0,sent
0,sent
0,sent
0,sent
0,sent
0,sent
0,sent
0,sent
0,sent
0,sent
0,sent
0,sent
0,sent
0,sent
0,sent
0,sent
0,sent
0,sent
0,sent
0,sent
0,sent
0,sent
0,sent
0,sent
0,sent
0,sent
0,sent
0,sent
0,sent
0,sent
0,sent
0,sent
0,sent
0,sent
0,sent
0,sent
0,sent
0,sent
0,sent
0,sent
0,sent
0,sent
0,sent
0,sent
0,sent
0,sent
0,sent
0,sent
0,sent
0,sent
0,sent
0,sent
0,sent
0,sent
0,sent
0,sent
0,sent
0,sent
0,sent
0,sent
0,sent
0,sent
0,sent
0,sent
0,sent
0,sent
0,sent
0,sent
0,sent
0,sent
0,sent
0,sent
0,sent
0,sent
0,sent
0,sent
0,sent
0,sent
0,sent
0,sent
0,sent
0,sent
0,sent
0,sent
0,sent
0,sent
0,sent
0,sent
0,sent
0,sent
0,sent
0,sent
0,sent
0,sent
0,sent
0,sent
0,sent
0,sent
